<?xml version="1.0" encoding="UTF-8"?>
<beans:beans 
    xmlns="http://www.springframework.org/schema/security"
	xmlns:xsi="http://www.w3.org/2001/XMLSchema-instance"
	xmlns:beans="http://www.springframework.org/schema/beans"
	xmlns:context="http://www.springframework.org/schema/context"
	xsi:schemaLocation="
		http://www.springframework.org/schema/security
		http://www.springframework.org/schema/security/spring-security.xsd
		http://www.springframework.org/schema/beans 
		http://www.springframework.org/schema/beans/spring-beans.xsd
		http://www.springframework.org/schema/context 
		http://www.springframework.org/schema/context/spring-context.xsd">
		
    
    <http auto-config = "false" use-expressions = "true" create-session="never" disable-url-rewriting="true">
        <intercept-url pattern="/login" access="permitAll" />
        <form-login
            login-page="/login"
            username-parameter="username"
            password-parameter="password"
            login-processing-url="/loginAction"
            authentication-success-handler-ref="customAuthenticationSuccessHandler"
            authentication-failure-handler-ref="customAuthenticationFailureHandler"
            />
        <logout invalidate-session="true" logout-url="/logoutAction"
            logout-success-url="/" delete-cookies="JSESSIOND,SPRING_SECURITY_REMEMBER_ME_COOKIE" />
        <!-- 자동로그인 -->
        <remember-me key="kjs" token-validity-seconds="2419200" />
    </http>
    
    <!-- loginAction 구현 -->
    <beans:bean id="customUserDetailsService" class="com.test.sample.login.customUserDetailsService"/>
    
    <!-- login Success&Failure -->
    <beans:bean id="customAuthenticationSuccessHandler" class="com.test.sample.login.customAuthenticationSuccessHandler"/>
    <beans:bean id="customAuthenticationFailureHandler" class="com.test.sample.login.customAuthenticationFailureHandler"/>
    
    <!-- password 암호화 -->
    <beans:bean id="encoder" class="org.springframework.security.crypto.bcrypt.BCryptPasswordEncoder"/>
        
    <authentication-manager>
        <authentication-provider user-service-ref="customUserDetailsService">
            <password-encoder ref="encoder" />
        </authentication-provider>
    </authentication-manager>
    
    <!-- security 기본형 -->
    <!-- <http auto-config = "true" use-expressions = "true">
        <intercept-url pattern="/-" access="permitAll" />
    </http>
    
    <authentication-manager>
        <authentication-provider>
            <user-service>
                <user name="guest" password="guest" authorities="ROLE_USER" />
            </user-service>
        </authentication-provider>
    </authentication-manager> -->

    

</beans:beans>